N,MAE,RMSE,MASE,Model,Horizon_h,AIC
10337,678.7251620392764,1024.9188027308105,0.2716535499887125,"ARIMA(1,0,0)",1,66460.6
10337,2621.194834091129,3432.2534080959244,1.0491093033202212,"ARIMA(1,0,0)",6,66460.6
10337,3043.3482635193964,4110.9848694193415,1.2180723595881455,"ARIMA(1,0,0)",24,66460.6
10337,678.7251620392764,1024.9188027308105,0.2716535499887125,"ARIMA(1,1,0)",1,65359.8
10337,2621.194834091129,3432.2534080959244,1.0491093033202212,"ARIMA(1,1,0)",6,65359.8
10337,3043.3482635193964,4110.9848694193415,1.2180723595881455,"ARIMA(1,1,0)",24,65359.8
10337,678.7251620392764,1024.9188027308105,0.2716535499887125,"ARIMA(0,1,1)",1,65601.0
10337,2621.194834091129,3432.2534080959244,1.0491093033202212,"ARIMA(0,1,1)",6,65601.0
10337,3043.3482635193964,4110.9848694193415,1.2180723595881455,"ARIMA(0,1,1)",24,65601.0
10337,678.7251620392764,1024.9188027308105,0.2716535499887125,"ARIMA(1,1,1)",1,65361.6
10337,2621.194834091129,3432.2534080959244,1.0491093033202212,"ARIMA(1,1,1)",6,65361.6
10337,3043.3482635193964,4110.9848694193415,1.2180723595881455,"ARIMA(1,1,1)",24,65361.6
10337,678.7251620392764,1024.9188027308105,0.2716535499887125,"ARIMA(2,1,1)",1,65363.2
10337,2621.194834091129,3432.2534080959244,1.0491093033202212,"ARIMA(2,1,1)",6,65363.2
10337,3043.3482635193964,4110.9848694193415,1.2180723595881455,"ARIMA(2,1,1)",24,65363.2
