,mean,std,min,50%,max
Start_Hour,11.501102727800347,6.92189847255535,0.0,12.0,23.0
Production,6222.292280905398,3980.69912556322,58.0,5377.5,23446.0
wind_speed_10m,4.065127490810601,2.1847525334228806,0.0,3.57,15.75
temp_2m,11.032311278777325,7.978024476110692,-8.32,10.38,39.27
irradiation,152.89053569355775,226.73383392231827,0.0,7.43,960.1
cloud_cover,64.16831804991294,36.61661165251647,0.0,78.995,100.0
hour,11.501102727800347,6.92189847255535,0.0,12.0,23.0
day_of_week,3.0019733023795707,1.999292755076313,0.0,3.0,6.0
month,6.4614045269878115,3.4015947487252984,1.0,6.0,12.0
is_weekend,0.28589669181659894,0.45184479990046184,0.0,0.0,1.0
lag_1h,6222.281253627394,3980.7001984403114,58.0,5377.5,23446.0
lag_24h,6221.890288256916,3980.8210682650742,58.0,5377.0,23446.0
lag_168h,6207.892493712517,3978.928281059185,58.0,5361.5,23446.0
roll_mean_24h,6222.128214677242,3341.3482942730598,870.6666666666666,5375.020833333334,19841.95833333333
roll_std_24h,2005.9114312250579,928.1254533551909,211.1128853536414,1852.3410715020023,7107.88938077087
roll_mean_168h,6216.270728657105,2349.5198396919545,1709.327380952381,5772.982142857143,14531.44642857143
roll_std_168h,3065.473627368699,992.0581547606039,649.7702723767511,2989.366144455359,6863.510782080785
