Group,Model,Horizon_h,N,MAE,RMSE,MASE
Baseline,Naive (last known value),1,10335,678.82,1025.01,0.2717
Baseline,Seasonal naive (same hour yesterday),1,10335,3043.59,4111.3,1.2182
Baseline,Seasonal naive (same hour last week),1,10335,4498.37,5976.79,1.8004
Global,Linear Regression,1,10335,600.88,933.08,0.2405
Global,Ridge,1,10335,601.78,932.48,0.2409
Global,Random Forest,1,10335,503.98,865.88,0.2017
Global,LightGBM,1,10335,480.19,849.57,0.1922
Global,LightGBM (no weather),1,10335,486.87,860.96,0.1949
Cluster-aware,LightGBM + per-cluster models (a),1,10335,488.75,838.9,0.1956
Cluster-aware,LightGBM + cluster feature (b),1,10335,469.19,836.19,0.1878
Cluster-aware,"LightGBM + cluster feature (b, leak-free)",1,10335,479.14,849.16,0.1918
Baseline,Naive (last known value),6,10335,2621.3,3432.45,1.0492
Baseline,Seasonal naive (same hour yesterday),6,10335,3043.59,4111.3,1.2182
Baseline,Seasonal naive (same hour last week),6,10335,4498.55,5976.87,1.8005
Global,Linear Regression,6,10335,1841.99,2363.94,0.7372
Global,Ridge,6,10335,1838.49,2360.24,0.7358
Global,Random Forest,6,10335,1700.19,2216.7,0.6805
Global,LightGBM,6,10335,1673.54,2179.75,0.6698
Global,LightGBM (no weather),6,10335,1801.93,2359.6,0.7212
Cluster-aware,LightGBM + per-cluster models (a),6,10335,1476.19,1945.73,0.5908
Cluster-aware,LightGBM + cluster feature (b),6,10335,1466.25,1928.1,0.5869
Cluster-aware,"LightGBM + cluster feature (b, leak-free)",6,10335,1670.35,2180.62,0.6685
Baseline,Naive (last known value),24,10336,3043.54,4111.17,1.2181
Baseline,Seasonal naive (same hour yesterday),24,10336,3043.54,4111.17,1.2181
Baseline,Seasonal naive (same hour last week),24,10336,4498.28,5976.6,1.8004
Global,Linear Regression,24,10336,2294.56,2999.71,0.9184
Global,Ridge,24,10336,2294.56,2999.71,0.9184
Global,Random Forest,24,10336,2219.11,2918.49,0.8882
Global,LightGBM,24,10336,2184.39,2876.02,0.8743
Global,LightGBM (no weather),24,10336,2743.55,3577.75,1.0981
Cluster-aware,LightGBM + per-cluster models (a),24,10336,1674.12,2175.81,0.6701
Cluster-aware,LightGBM + cluster feature (b),24,10336,1677.84,2170.99,0.6715
Cluster-aware,"LightGBM + cluster feature (b, leak-free)",24,10336,2176.24,2868.16,0.871
